step,loss,acc,grad_norm,sharpness,lrs,eos_threshold
0,2.1984927654266357,0.10685726255178452,0.020709437678365163,0.03558804299609974,0.1,20.0
1,2.198014497756958,0.11123083531856537,0.02035124768292586,,0.1,20.0
2,2.198465347290039,0.11384066939353943,0.01984057484503443,,0.1,20.0
3,2.1985275745391846,0.11103750765323639,0.01975791003419551,,0.1,20.0
4,2.1979544162750244,0.11235350370407104,0.020095168577419706,,0.1,20.0
5,2.198167085647583,0.1126299649477005,0.019821236186681288,,0.1,20.0
6,2.1982386112213135,0.1092676892876625,0.019947940084551356,,0.1,20.0
7,2.198692560195923,0.10909542441368103,0.02025705439838143,,0.1,20.0
8,2.1984636783599854,0.11199900507926941,0.020313423043054394,,0.1,20.0
9,2.1984763145446777,0.10743287950754166,0.01979269100623691,,0.1,20.0
10,2.197732925415039,0.11227067559957504,0.01987100668048774,,0.1,20.0
11,2.1979691982269287,0.11086226254701614,0.01992195286320865,,0.1,20.0
12,2.19858455657959,0.10898178815841675,0.0204223204256703,,0.1,20.0
13,2.1981568336486816,0.11124911904335022,0.01980089099644821,,0.1,20.0
14,2.1986124515533447,0.10761220008134842,0.019734927215287523,,0.1,20.0
15,2.1980583667755127,0.11012851446866989,0.01957863121628211,,0.1,20.0
16,2.1977694034576416,0.11396967619657516,0.01937957070104509,,0.1,20.0
17,2.198169708251953,0.10809578746557236,0.019903483868912386,,0.1,20.0
18,2.198276996612549,0.11168185621500015,0.019413835211938995,,0.1,20.0
19,2.197507619857788,0.1138167679309845,0.01877990090133838,,0.1,20.0
20,2.197754383087158,0.11886230111122131,0.019222825467476088,,0.1,20.0
21,2.1977813243865967,0.11152032017707825,0.01900273823732995,,0.1,20.0
22,2.1982181072235107,0.11243484914302826,0.01930194177116558,,0.1,20.0
23,2.197711229324341,0.11527150869369507,0.01910241704222966,,0.1,20.0
24,2.1974687576293945,0.11492160707712173,0.018819059594988655,,0.1,20.0
25,2.1980929374694824,0.110389344394207,0.01881067611824085,,0.1,20.0
26,2.198208808898926,0.11293260753154755,0.019080537657878545,,0.1,20.0
27,2.1974966526031494,0.11680734902620316,0.0187175497062355,,0.1,20.0
28,2.1979269981384277,0.11206396669149399,0.018586328402713903,,0.1,20.0
29,2.197929620742798,0.1100727766752243,0.01851259089624027,,0.1,20.0
30,2.1980912685394287,0.11215030401945114,0.018690156676852886,,0.1,20.0
31,2.197955369949341,0.10911498963832855,0.018357039679257163,,0.1,20.0
32,2.197549343109131,0.11319582164287567,0.01836997522842607,,0.1,20.0
33,2.197547435760498,0.10982275754213333,0.018093255279777346,,0.1,20.0
34,2.198056936264038,0.11179661005735397,0.018368539337173632,,0.1,20.0
35,2.197822332382202,0.11464836448431015,0.018429742328248747,,0.1,20.0
36,2.1977741718292236,0.1096077486872673,0.018434773526456512,,0.1,20.0
37,2.1979098320007324,0.1106097623705864,0.018369337908026626,,0.1,20.0
38,2.1979048252105713,0.11072435230016708,0.018383489376655095,,0.1,20.0
39,2.1981799602508545,0.10973238945007324,0.018625685761543175,,0.1,20.0
40,2.1979005336761475,0.11129505932331085,0.017831939377351717,,0.1,20.0
41,2.198204278945923,0.11235211044549942,0.01808760273960325,,0.1,20.0
42,2.1982641220092773,0.10743869841098785,0.018027594741412023,,0.1,20.0
43,2.1979002952575684,0.10859055072069168,0.018003177430265402,,0.1,20.0
44,2.197364568710327,0.11244980245828629,0.01841390154165655,,0.1,20.0
45,2.197911024093628,0.1099565327167511,0.018604962022362757,,0.1,20.0
46,2.1978766918182373,0.1123804822564125,0.017624974263290964,,0.1,20.0
47,2.1979992389678955,0.11009174585342407,0.017770823243518467,,0.1,20.0
48,2.197882652282715,0.11138695478439331,0.017956096243272254,,0.1,20.0
49,2.1976542472839355,0.11186117678880692,0.017939792250352256,,0.1,20.0
50,2.197462797164917,0.11254032701253891,0.01758301607195598,0.03214566924079303,0.1,20.0
51,2.1976163387298584,0.11370225995779037,0.01769512049875561,,0.1,20.0
52,2.1977121829986572,0.10958507657051086,0.017670524702898247,,0.1,20.0
53,2.1971428394317627,0.1148982048034668,0.017423363201642353,,0.1,20.0
54,2.197786331176758,0.10890720039606094,0.018157199810690798,,0.1,20.0
55,2.197812795639038,0.10970760881900787,0.01773788421113741,,0.1,20.0
56,2.1975555419921875,0.11450318247079849,0.017582103864683847,,0.1,20.0
57,2.197514772415161,0.1126469150185585,0.017497773947927567,,0.1,20.0
58,2.197493076324463,0.1134464219212532,0.01734948574199998,,0.1,20.0
59,2.1974596977233887,0.1120857298374176,0.01727753829183969,,0.1,20.0
60,2.1973698139190674,0.11171774566173553,0.017152669126351862,,0.1,20.0
61,2.197421073913574,0.109392449259758,0.01715015841533269,,0.1,20.0
62,2.1975760459899902,0.11128111928701401,0.017715988712762306,,0.1,20.0
63,2.197418212890625,0.1113409772515297,0.01739120687680631,,0.1,20.0
64,2.1980361938476562,0.11056358367204666,0.017742129541324408,,0.1,20.0
65,2.197277069091797,0.11570418626070023,0.016999098805902384,,0.1,20.0
66,2.197476625442505,0.11300463229417801,0.017084839157405975,,0.1,20.0
67,2.1976478099823,0.11529538780450821,0.01777839496941176,,0.1,20.0
68,2.197688102722168,0.11130441725254059,0.017184350405504985,,0.1,20.0
69,2.1975512504577637,0.11059660464525223,0.017135721266979594,,0.1,20.0
70,2.197366237640381,0.11408590525388718,0.01699696746944481,,0.1,20.0
71,2.1972835063934326,0.11204539984464645,0.017156849898302233,,0.1,20.0
72,2.1975557804107666,0.11140506714582443,0.017499201403037363,,0.1,20.0
73,2.1976349353790283,0.1108349934220314,0.017412188587476802,,0.1,20.0
74,2.197937250137329,0.10967127233743668,0.017269894095339154,,0.1,20.0
75,2.1980068683624268,0.10824444144964218,0.017324730211851432,,0.1,20.0
76,2.1978330612182617,0.1100989580154419,0.017252425880439213,,0.1,20.0
77,2.19757342338562,0.11307478696107864,0.01695926639012893,,0.1,20.0
78,2.198127031326294,0.10888998955488205,0.016783159818815722,,0.1,20.0
79,2.1976473331451416,0.11209036409854889,0.016895585528361963,,0.1,20.0
80,2.197798252105713,0.11139649897813797,0.0166569083406611,,0.1,20.0
81,2.197683572769165,0.11065539717674255,0.01700575803418848,,0.1,20.0
82,2.197507858276367,0.1112535148859024,0.01743729235589617,,0.1,20.0
83,2.1974785327911377,0.11255625635385513,0.01671165278390534,,0.1,20.0
84,2.1972899436950684,0.1127617284655571,0.016771869338224155,,0.1,20.0
85,2.1977736949920654,0.11198444664478302,0.016898499361050794,,0.1,20.0
86,2.19732666015625,0.11626655608415604,0.01724190864149587,,0.1,20.0
87,2.1973748207092285,0.1155487522482872,0.017946086599160794,,0.1,20.0
88,2.1970136165618896,0.11399435997009277,0.016837401068353717,,0.1,20.0
89,2.1974966526031494,0.11264634132385254,0.016585008661051392,,0.1,20.0
90,2.1970574855804443,0.11606328934431076,0.016377684602974164,,0.1,20.0
91,2.1970160007476807,0.1151665598154068,0.01663988676888409,,0.1,20.0
92,2.196878433227539,0.11502667516469955,0.016783433998871767,,0.1,20.0
93,2.197265863418579,0.11495775729417801,0.01698165687268436,,0.1,20.0
94,2.197354793548584,0.1141531690955162,0.016584050912258994,,0.1,20.0
95,2.197258234024048,0.11392038315534592,0.016594196922435835,,0.1,20.0
96,2.1972479820251465,0.11460878700017929,0.01653113737989663,,0.1,20.0
97,2.1972644329071045,0.11396022886037827,0.016735135948388075,,0.1,20.0
98,2.197218894958496,0.11162617802619934,0.016873384589259497,,0.1,20.0
99,2.197380542755127,0.11248444765806198,0.016255205611730827,,0.1,20.0
100,2.197183847427368,0.11434365063905716,0.01711849879747756,0.028095558990073363,0.1,20.0
101,2.197220802307129,0.11272275447845459,0.016493804167376343,,0.1,20.0
102,2.1971094608306885,0.11261019110679626,0.016818753624566057,,0.1,20.0
103,2.197657585144043,0.10826918482780457,0.01644823649116388,,0.1,20.0
104,2.1970653533935547,0.1113271564245224,0.016413317142008586,,0.1,20.0
105,2.197176456451416,0.114020936191082,0.016528366973070786,,0.1,20.0
106,2.197300910949707,0.11287587136030197,0.016377763441661253,,0.1,20.0
107,2.1970558166503906,0.1147642657160759,0.01649328585923828,,0.1,20.0
108,2.1971800327301025,0.11117544770240784,0.016717221582616182,,0.1,20.0
109,2.197070598602295,0.11137361824512482,0.01670253357440177,,0.1,20.0
110,2.197093963623047,0.11465021222829819,0.01680231281782501,,0.1,20.0
111,2.1967432498931885,0.11599653214216232,0.01662947007849728,,0.1,20.0
112,2.1970863342285156,0.11431526392698288,0.016807975165338464,,0.1,20.0
113,2.197016477584839,0.1157376766204834,0.016516984882980312,,0.1,20.0
114,2.19720458984375,0.11450665444135666,0.016539878477554136,,0.1,20.0
115,2.1973061561584473,0.11380936950445175,0.016340373645121965,,0.1,20.0
116,2.197415828704834,0.11387163400650024,0.016441965554730913,,0.1,20.0
117,2.1970279216766357,0.11656314879655838,0.016413274819308682,,0.1,20.0
118,2.1970441341400146,0.11514449864625931,0.01632291722719264,,0.1,20.0
119,2.197448492050171,0.1120314747095108,0.016985716198264094,,0.1,20.0
120,2.196824789047241,0.1162424311041832,0.016577117332531272,,0.1,20.0
121,2.197267770767212,0.11559139937162399,0.016376132613133622,,0.1,20.0
122,2.196881055831909,0.11511118710041046,0.016608960760648966,,0.1,20.0
123,2.1972477436065674,0.11567272245883942,0.0163044829341088,,0.1,20.0
124,2.1973307132720947,0.1110144555568695,0.01673181412185423,,0.1,20.0
125,2.1975016593933105,0.11293990910053253,0.016728748532736173,,0.1,20.0
126,2.1975371837615967,0.10879093408584595,0.016875835373694435,,0.1,20.0
127,2.1967544555664062,0.11569154262542725,0.01704529832168809,,0.1,20.0
128,2.1972920894622803,0.11648397147655487,0.01651269141944406,,0.1,20.0
129,2.1971933841705322,0.11480224877595901,0.0168026844508413,,0.1,20.0
130,2.197079658508301,0.11508739739656448,0.01654849813211047,,0.1,20.0
131,2.197057008743286,0.11287784576416016,0.016766505208521052,,0.1,20.0
132,2.197108745574951,0.11568059772253036,0.01653197123880446,,0.1,20.0
133,2.197305679321289,0.11293727904558182,0.016017014732151412,,0.1,20.0
134,2.1972849369049072,0.11339182406663895,0.016203841297401746,,0.1,20.0
135,2.1972126960754395,0.11432832479476929,0.016537850042049343,,0.1,20.0
136,2.1970338821411133,0.11448298394680023,0.016641181790505315,,0.1,20.0
137,2.197079658508301,0.11432825773954391,0.016758776175812205,,0.1,20.0
138,2.1972150802612305,0.1158791184425354,0.016562107306788854,,0.1,20.0
139,2.196906089782715,0.11683151870965958,0.016117613871564834,,0.1,20.0
140,2.196948766708374,0.11671427637338638,0.016371919603937413,,0.1,20.0
141,2.1973586082458496,0.11568506062030792,0.017003460410845637,,0.1,20.0
142,2.1973063945770264,0.11417941004037857,0.01647706022132831,,0.1,20.0
143,2.1969430446624756,0.1169293150305748,0.01651768982402661,,0.1,20.0
144,2.197068929672241,0.11550580710172653,0.016242743852559225,,0.1,20.0
145,2.197134256362915,0.11537984013557434,0.016759427725842838,,0.1,20.0
146,2.197155237197876,0.11295667290687561,0.01654891000952897,,0.1,20.0
147,2.197054386138916,0.1110835075378418,0.016651361288416888,,0.1,20.0
148,2.197505235671997,0.1103525310754776,0.016559251320185975,,0.1,20.0
149,2.1968369483947754,0.11721080541610718,0.016186273377142818,,0.1,20.0
150,2.1971611976623535,0.11584482342004776,0.016789182362698017,0.027710467346702343,0.1,20.0
151,2.196993350982666,0.11445708572864532,0.016704193911946205,,0.1,20.0
152,2.1970672607421875,0.11766652762889862,0.01660008503479862,,0.1,20.0
153,2.1971077919006348,0.11373505741357803,0.016277002117508536,,0.1,20.0
154,2.1971049308776855,0.11390728503465652,0.01667762307281784,,0.1,20.0
155,2.196901559829712,0.1157846748828888,0.016674045075324814,,0.1,20.0
156,2.197214365005493,0.11506509780883789,0.01648697315931592,,0.1,20.0
157,2.196880578994751,0.11486542224884033,0.016751128412304674,,0.1,20.0
158,2.197007656097412,0.11641877889633179,0.01658124379613505,,0.1,20.0
159,2.1971702575683594,0.11331760883331299,0.01629150043365996,,0.1,20.0
160,2.19710111618042,0.11547238379716873,0.017056899872370312,,0.1,20.0
161,2.1969218254089355,0.1161268949508667,0.016594673430025693,,0.1,20.0
162,2.1970887184143066,0.11488780379295349,0.016488768184998493,,0.1,20.0
163,2.1968748569488525,0.11913148313760757,0.016711907688086267,,0.1,20.0
164,2.1969082355499268,0.11548013240098953,0.01641312977911989,,0.1,20.0
165,2.1969308853149414,0.11753284186124802,0.016171490280645528,,0.1,20.0
166,2.1968979835510254,0.1164119765162468,0.016590688236775127,,0.1,20.0
167,2.1969687938690186,0.11285383254289627,0.01708356662391818,,0.1,20.0
168,2.1969974040985107,0.11429044604301453,0.01639991379793125,,0.1,20.0
169,2.1969826221466064,0.11509184539318085,0.01666027104320223,,0.1,20.0
170,2.1969377994537354,0.11735941469669342,0.016872672492981758,,0.1,20.0
171,2.1969385147094727,0.11746189743280411,0.016401877675848414,,0.1,20.0
172,2.197068929672241,0.11221067607402802,0.01668126048837246,,0.1,20.0
173,2.1969683170318604,0.11814118921756744,0.016871194851393934,,0.1,20.0
174,2.197035074234009,0.11221490800380707,0.01654907533605311,,0.1,20.0
175,2.197240114212036,0.1160888522863388,0.017341911475524982,,0.1,20.0
176,2.1967861652374268,0.11773472279310226,0.01653607075662559,,0.1,20.0
177,2.196964979171753,0.1146320253610611,0.016384987810466125,,0.1,20.0
178,2.1971070766448975,0.11134088784456253,0.016791938245518563,,0.1,20.0
179,2.1968510150909424,0.11344050616025925,0.01635898422258473,,0.1,20.0
180,2.197023391723633,0.11588800698518753,0.016437037869299446,,0.1,20.0
181,2.196709632873535,0.11552630364894867,0.016564730188630142,,0.1,20.0
182,2.1965343952178955,0.11850441247224808,0.01652176255732868,,0.1,20.0
183,2.1969685554504395,0.11576109379529953,0.01680199218420249,,0.1,20.0
184,2.1967415809631348,0.11812130361795425,0.016603555424385904,,0.1,20.0
185,2.19694185256958,0.11581780761480331,0.016745177505782596,,0.1,20.0
186,2.196676015853882,0.1192011907696724,0.016341424620017985,,0.1,20.0
187,2.1967999935150146,0.11424074321985245,0.016836290192524264,,0.1,20.0
188,2.196462869644165,0.11605776101350784,0.016275186393600715,,0.1,20.0
189,2.1969246864318848,0.11737943440675735,0.01657332821658983,,0.1,20.0
190,2.1965749263763428,0.11474255472421646,0.016148072378181503,,0.1,20.0
191,2.1966731548309326,0.11559184640645981,0.016666837742302917,,0.1,20.0
192,2.1969637870788574,0.1159612387418747,0.01661373084771934,,0.1,20.0
193,2.1966748237609863,0.11940545588731766,0.016602333040269323,,0.1,20.0
194,2.196911096572876,0.11366269737482071,0.017061839274857604,,0.1,20.0
195,2.196944236755371,0.11502113938331604,0.01680311244178088,,0.1,20.0
196,2.196786880493164,0.11676324158906937,0.0167200312892143,,0.1,20.0
197,2.1969292163848877,0.11549121141433716,0.016575464677549303,,0.1,20.0
198,2.196706533432007,0.11710667610168457,0.01687028191595979,,0.1,20.0
199,2.1969428062438965,0.11588746309280396,0.016722945580890214,,0.1,20.0
200,2.1968231201171875,0.11712533235549927,0.01712090328620114,0.029336123386132697,0.1,20.0
201,2.196838617324829,0.11613090336322784,0.016605519793200733,,0.1,20.0
202,2.1968436241149902,0.11354416608810425,0.016462251799348807,,0.1,20.0
203,2.19665265083313,0.11624059081077576,0.01662487477658394,,0.1,20.0
204,2.196544647216797,0.12042361497879028,0.01703687153448541,,0.1,20.0
205,2.1969919204711914,0.1183546930551529,0.01678031132318412,,0.1,20.0
206,2.1966896057128906,0.1196967214345932,0.016600507219775795,,0.1,20.0
207,2.196631908416748,0.1170816570520401,0.016312031419276975,,0.1,20.0
208,2.1965301036834717,0.11889008432626724,0.017105979395423444,,0.1,20.0
209,2.1965131759643555,0.11910084635019302,0.016628440570280362,,0.1,20.0
210,2.1964950561523438,0.12154444307088852,0.0167111277556408,,0.1,20.0
211,2.1968393325805664,0.11573978513479233,0.017228440037188878,,0.1,20.0
212,2.1965506076812744,0.11888516694307327,0.016764306091065106,,0.1,20.0
213,2.196535587310791,0.11774701625108719,0.016868138747989724,,0.1,20.0
214,2.1967272758483887,0.11760321259498596,0.016932131205715118,,0.1,20.0
215,2.1970911026000977,0.11942648887634277,0.0171414093417066,,0.1,20.0
216,2.1968979835510254,0.11454455554485321,0.017075133888121,,0.1,20.0
217,2.196340322494507,0.1202976405620575,0.016937844072499115,,0.1,20.0
218,2.196768283843994,0.1174839660525322,0.016484911038616143,,0.1,20.0
219,2.196488380432129,0.11758141964673996,0.016746357742724392,,0.1,20.0
220,2.1964786052703857,0.11861737072467804,0.01699272240968096,,0.1,20.0
221,2.196824073791504,0.11567132920026779,0.016878170274748933,,0.1,20.0
222,2.196805000305176,0.11588089168071747,0.01706828187475622,,0.1,20.0
223,2.196650981903076,0.1129012182354927,0.01671807304141448,,0.1,20.0
224,2.196531057357788,0.1187225952744484,0.016607333050330943,,0.1,20.0
225,2.1965837478637695,0.11844556033611298,0.017069502638924056,,0.1,20.0
226,2.196671962738037,0.11595824360847473,0.01708431428850477,,0.1,20.0
227,2.196322202682495,0.12307946383953094,0.017005551132776756,,0.1,20.0
228,2.1963751316070557,0.11802450567483902,0.01716833502560911,,0.1,20.0
229,2.196502208709717,0.1193430945277214,0.016887188469405963,,0.1,20.0
230,2.1966967582702637,0.12171897292137146,0.01691125300599083,,0.1,20.0
231,2.1967382431030273,0.11827333271503448,0.01699245751422833,,0.1,20.0
232,2.1965670585632324,0.1188315749168396,0.016709224432838492,,0.1,20.0
233,2.1966731548309326,0.11817315965890884,0.016783282299985994,,0.1,20.0
234,2.1966981887817383,0.11789526045322418,0.017042066657761007,,0.1,20.0
235,2.1967897415161133,0.11510910838842392,0.017199389405941852,,0.1,20.0
236,2.196894884109497,0.11469712108373642,0.017505955884291075,,0.1,20.0
237,2.1966464519500732,0.1175011396408081,0.016907901937166403,,0.1,20.0
238,2.1965415477752686,0.11674811691045761,0.01706433609828963,,0.1,20.0
239,2.196408271789551,0.11767140030860901,0.017558865615603225,,0.1,20.0
240,2.196531295776367,0.11653824150562286,0.016844167317562803,,0.1,20.0
241,2.1965765953063965,0.11554674059152603,0.017211848975478707,,0.1,20.0
242,2.1968483924865723,0.11594502627849579,0.017071666690662665,,0.1,20.0
243,2.1967198848724365,0.11509926617145538,0.017066898058285276,,0.1,20.0
244,2.1967079639434814,0.1154816597700119,0.016824041806246366,,0.1,20.0
245,2.1964356899261475,0.11497680842876434,0.0173849526288927,,0.1,20.0
246,2.1965675354003906,0.1180000826716423,0.017252776879280764,,0.1,20.0
247,2.1965081691741943,0.11258168518543243,0.016928803342026025,,0.1,20.0
248,2.1965980529785156,0.11838676035404205,0.017170830406402576,,0.1,20.0
249,2.1965954303741455,0.12033898383378983,0.017036166752289885,,0.1,20.0
250,2.196690797805786,0.11568538099527359,0.01729297039033141,0.02925198032208741,0.1,20.0
251,2.196725845336914,0.12075456231832504,0.017134835336794108,,0.1,20.0
252,2.196849822998047,0.11637414991855621,0.016920701163848882,,0.1,20.0
253,2.196242570877075,0.118741475045681,0.017134891669784182,,0.1,20.0
254,2.196903944015503,0.11458074301481247,0.01749391977054582,,0.1,20.0
255,2.1966381072998047,0.1175350770354271,0.01698990017610611,,0.1,20.0
256,2.1963722705841064,0.12056620419025421,0.017735548299277204,,0.1,20.0
257,2.1968629360198975,0.11315364390611649,0.017052088800053336,,0.1,20.0
258,2.1965463161468506,0.12330354005098343,0.01714756171159302,,0.1,20.0
259,2.196582317352295,0.11589048057794571,0.016891690055589877,,0.1,20.0
260,2.1966092586517334,0.11794892698526382,0.01782943553563579,,0.1,20.0
261,2.1962037086486816,0.12024006992578506,0.017271006818206033,,0.1,20.0
262,2.196955680847168,0.11185626685619354,0.017305938793898527,,0.1,20.0
263,2.19687819480896,0.11660941690206528,0.01846240693115354,,0.1,20.0
264,2.196373224258423,0.11888314038515091,0.017205411598281983,,0.1,20.0
265,2.196267604827881,0.12382800877094269,0.017256720423789517,,0.1,20.0
266,2.196207284927368,0.12142916023731232,0.01753082800322827,,0.1,20.0
267,2.1962525844573975,0.12046996504068375,0.01737532440511924,,0.1,20.0
268,2.196178913116455,0.11924096941947937,0.017348542559438043,,0.1,20.0
269,2.1962881088256836,0.11888806521892548,0.017353777783107722,,0.1,20.0
270,2.196373701095581,0.1165880337357521,0.017338588399461213,,0.1,20.0
271,2.19632625579834,0.11924287676811218,0.017330003619028204,,0.1,20.0
272,2.1961493492126465,0.12277646362781525,0.017256530155443005,,0.1,20.0
273,2.1965246200561523,0.11674118041992188,0.01756208864699098,,0.1,20.0
274,2.1962666511535645,0.11867841333150864,0.017195168884480423,,0.1,20.0
275,2.196441888809204,0.11872618645429611,0.017231679474001026,,0.1,20.0
276,2.1963865756988525,0.12024819105863571,0.016894264622086347,,0.1,20.0
277,2.196232795715332,0.12349971383810043,0.017274146269032196,,0.1,20.0
278,2.1963279247283936,0.12054033577442169,0.01794384631490256,,0.1,20.0
279,2.196232557296753,0.11902196705341339,0.017512178015343362,,0.1,20.0
280,2.1962873935699463,0.12060696631669998,0.017630612933335538,,0.1,20.0
281,2.196363925933838,0.11980784684419632,0.01748838603686038,,0.1,20.0
282,2.1965601444244385,0.11712606251239777,0.017293151251234228,,0.1,20.0
283,2.196207284927368,0.12162890285253525,0.017496518543072274,,0.1,20.0
284,2.196357488632202,0.11899048089981079,0.017422634331477074,,0.1,20.0
285,2.1959283351898193,0.12088822573423386,0.017553483831660992,,0.1,20.0
286,2.196309804916382,0.11938382685184479,0.01790426907872161,,0.1,20.0
287,2.196126699447632,0.12352015823125839,0.017029340073557633,,0.1,20.0
288,2.1964101791381836,0.11617226898670197,0.017743314301301945,,0.1,20.0
289,2.1963694095611572,0.11855840682983398,0.017033053496957374,,0.1,20.0
290,2.1962616443634033,0.11695301532745361,0.017939677034579122,,0.1,20.0
291,2.1963465213775635,0.11925733089447021,0.017243277784939188,,0.1,20.0
292,2.1965155601501465,0.11931653320789337,0.017461654792481747,,0.1,20.0
293,2.196160078048706,0.1196722686290741,0.017561161181586554,,0.1,20.0
294,2.196444511413574,0.11603515595197678,0.017383982124891267,,0.1,20.0
295,2.196408987045288,0.12373862415552139,0.01769379058525092,,0.1,20.0
296,2.196317195892334,0.11871711164712906,0.017612624111448087,,0.1,20.0
297,2.196481227874756,0.12089638411998749,0.018012712390549558,,0.1,20.0
298,2.196107864379883,0.12090596556663513,0.01778224353865104,,0.1,20.0
299,2.196117639541626,0.12105067819356918,0.018265613928919056,,0.1,20.0
300,2.1963002681732178,0.12179169058799744,0.01765373060965097,0.031820803471154485,0.1,20.0
301,2.1964259147644043,0.11899341642856598,0.01790621135149118,,0.1,20.0
302,2.196047782897949,0.11910084635019302,0.017597043291325887,,0.1,20.0
303,2.1963675022125244,0.11800265312194824,0.017790137952116824,,0.1,20.0
304,2.1963117122650146,0.1190466359257698,0.01759024265598315,,0.1,20.0
305,2.1960411071777344,0.12313680350780487,0.017650255479493563,,0.1,20.0
306,2.196373701095581,0.11936086416244507,0.017641923808674548,,0.1,20.0
307,2.196396827697754,0.1172967180609703,0.017934674143317203,,0.1,20.0
308,2.1962666511535645,0.11876759678125381,0.018206946661997674,,0.1,20.0
309,2.1960291862487793,0.11958993226289749,0.017936242192436558,,0.1,20.0
310,2.1960978507995605,0.12190184742212296,0.018002090165279587,,0.1,20.0
311,2.1961464881896973,0.12198957055807114,0.018221321524643654,,0.1,20.0
312,2.196145534515381,0.1185586154460907,0.017606092157822252,,0.1,20.0
313,2.1961817741394043,0.12269074469804764,0.01791820468804421,,0.1,20.0
314,2.1963789463043213,0.12294606119394302,0.01765687458441924,,0.1,20.0
315,2.1963531970977783,0.12065109610557556,0.01791529860609807,,0.1,20.0
316,2.196455717086792,0.11975651234388351,0.017737880045113306,,0.1,20.0
317,2.196176290512085,0.11834099143743515,0.01831139072694016,,0.1,20.0
318,2.196108818054199,0.11946297436952591,0.01801752560640676,,0.1,20.0
319,2.19614839553833,0.12020185589790344,0.017646401262706696,,0.1,20.0
320,2.1963179111480713,0.11870652437210083,0.018026415320419067,,0.1,20.0
321,2.1961262226104736,0.12122590839862823,0.017859037026196643,,0.1,20.0
322,2.196207284927368,0.12005947530269623,0.017598318431397256,,0.1,20.0
323,2.196300506591797,0.11997515708208084,0.017971808588711995,,0.1,20.0
324,2.19580340385437,0.12325648963451385,0.01816406000370483,,0.1,20.0
325,2.1962015628814697,0.11989901214838028,0.018230498529174046,,0.1,20.0
326,2.1962594985961914,0.11873733252286911,0.018241306996955278,,0.1,20.0
327,2.196225166320801,0.12239658832550049,0.018645389162933155,,0.1,20.0
328,2.1960959434509277,0.11921296268701553,0.018197691412121818,,0.1,20.0
329,2.1961238384246826,0.1228964626789093,0.018002848816626074,,0.1,20.0
330,2.1958975791931152,0.12267981469631195,0.017745607702600308,,0.1,20.0
331,2.1959939002990723,0.12261219322681427,0.0181675540054568,,0.1,20.0
332,2.1960842609405518,0.1219068095088005,0.018282357769082273,,0.1,20.0
333,2.196227788925171,0.12113060802221298,0.018996339125554314,,0.1,20.0
334,2.1964175701141357,0.1174546629190445,0.018666728010547435,,0.1,20.0
335,2.1962804794311523,0.12159702181816101,0.01812537378984736,,0.1,20.0
336,2.1960010528564453,0.11770544946193695,0.018280053237602234,,0.1,20.0
337,2.1958606243133545,0.12338119000196457,0.01762448750848507,,0.1,20.0
338,2.1963388919830322,0.12154559046030045,0.01827828180965101,,0.1,20.0
339,2.1963531970977783,0.12226676940917969,0.018135790844196937,,0.1,20.0
340,2.1960673332214355,0.12010595202445984,0.01822601939501884,,0.1,20.0
341,2.196080207824707,0.12029483914375305,0.018501847457593597,,0.1,20.0
342,2.196012258529663,0.11982940882444382,0.018340331600739893,,0.1,20.0
343,2.19624400138855,0.11913836002349854,0.0185582075746199,,0.1,20.0
344,2.196288585662842,0.12139900773763657,0.018537276484273946,,0.1,20.0
345,2.1960957050323486,0.12194617837667465,0.01855031547622569,,0.1,20.0
346,2.195957899093628,0.12394575774669647,0.018406994005392127,,0.1,20.0
347,2.1962571144104004,0.11878076195716858,0.01823062557326051,,0.1,20.0
348,2.196091413497925,0.12279320508241653,0.018427868822931175,,0.1,20.0
349,2.1962318420410156,0.11917870491743088,0.019185764254701303,,0.1,20.0
350,2.1961374282836914,0.12107826769351959,0.018513282396816655,0.03235209346425037,0.1,20.0
351,2.1959824562072754,0.12099660933017731,0.02001777560441016,,0.1,20.0
352,2.1959056854248047,0.12415648996829987,0.01891507044685861,,0.1,20.0
353,2.196256637573242,0.11941594630479813,0.018349918843308433,,0.1,20.0
354,2.1960673332214355,0.12232213467359543,0.0188933418148385,,0.1,20.0
355,2.195608615875244,0.1244407594203949,0.0185427042180471,,0.1,20.0
356,2.196035146713257,0.12153438478708267,0.018887535305638036,,0.1,20.0
357,2.195482015609741,0.12725014984607697,0.018688498894033394,,0.1,20.0
358,2.1960134506225586,0.12210386991500854,0.018442226511459037,,0.1,20.0
359,2.1958200931549072,0.11991062760353088,0.018410183832612437,,0.1,20.0
360,2.1957623958587646,0.11921818554401398,0.018832381446227044,,0.1,20.0
361,2.195892572402954,0.12000662088394165,0.01926701231603316,,0.1,20.0
362,2.1955654621124268,0.12167976796627045,0.01866791487472719,,0.1,20.0
363,2.1959030628204346,0.12055654078722,0.018474362664707374,,0.1,20.0
364,2.1956961154937744,0.12523271143436432,0.01906417635856255,,0.1,20.0
365,2.1952965259552,0.1257249414920807,0.018335483649167275,,0.1,20.0
366,2.1955385208129883,0.1223069280385971,0.01900127537686703,,0.1,20.0
367,2.1955907344818115,0.12365925312042236,0.018616318396974186,,0.1,20.0
368,2.1956756114959717,0.12479304522275925,0.018611436744645698,,0.1,20.0
369,2.195852518081665,0.12183832377195358,0.018839567301890552,,0.1,20.0
370,2.1958959102630615,0.12160708010196686,0.019101279334566974,,0.1,20.0
371,2.1956522464752197,0.12254536151885986,0.019252087937356385,,0.1,20.0
372,2.1958494186401367,0.12247432768344879,0.019307779510227746,,0.1,20.0
373,2.195664167404175,0.12374291568994522,0.018775354524328738,,0.1,20.0
374,2.19539737701416,0.12321902066469193,0.019254744525143076,,0.1,20.0
375,2.1956863403320312,0.12098643183708191,0.0185778188248924,,0.1,20.0
376,2.1959574222564697,0.12236776947975159,0.01860167978786886,,0.1,20.0
377,2.195878028869629,0.1238040030002594,0.018761245463980926,,0.1,20.0
378,2.1961052417755127,0.1198345422744751,0.018781400347301542,,0.1,20.0
379,2.1960411071777344,0.12218450009822845,0.018650054236720434,,0.1,20.0
380,2.1959421634674072,0.12102887034416199,0.019046860922402386,,0.1,20.0
381,2.195718765258789,0.12377836555242538,0.018891974533327947,,0.1,20.0
382,2.1955161094665527,0.1244102343916893,0.018910523612818433,,0.1,20.0
383,2.1958985328674316,0.1196967214345932,0.019305043808992506,,0.1,20.0
384,2.1955747604370117,0.12488628178834915,0.01879076648897277,,0.1,20.0
385,2.195763349533081,0.12448785454034805,0.019220615290333923,,0.1,20.0
386,2.1957290172576904,0.12448269873857498,0.01952214611803049,,0.1,20.0
387,2.195807933807373,0.1217956691980362,0.01873022794044782,,0.1,20.0
388,2.195665121078491,0.12457549571990967,0.019063176524774086,,0.1,20.0
389,2.1960012912750244,0.12246674299240112,0.01900018467135226,,0.1,20.0
390,2.1955835819244385,0.12544462084770203,0.019447590494854217,,0.1,20.0
391,2.195605993270874,0.12387769669294357,0.018849777655328602,,0.1,20.0
392,2.1959290504455566,0.12120584398508072,0.019656210638899576,,0.1,20.0
393,2.1956989765167236,0.12276563793420792,0.01956492462603659,,0.1,20.0
394,2.195736885070801,0.1221592053771019,0.01902639945607028,,0.1,20.0
395,2.195801019668579,0.12276554107666016,0.019142249993049247,,0.1,20.0
396,2.1960055828094482,0.12050136178731918,0.019479754344496815,,0.1,20.0
397,2.195751667022705,0.12460169941186905,0.019396124925763054,,0.1,20.0
398,2.1953608989715576,0.12286943942308426,0.01976306884078481,,0.1,20.0
399,2.1956589221954346,0.12176648527383804,0.01941601188574503,,0.1,20.0
400,2.1956794261932373,0.12513457238674164,0.019533089729458747,0.03523647097298869,0.1,20.0
401,2.1954269409179688,0.1251964569091797,0.019718161212056023,,0.1,20.0
402,2.195690155029297,0.11983112245798111,0.01966087009234235,,0.1,20.0
403,2.195699453353882,0.12362807989120483,0.019677948362299216,,0.1,20.0
404,2.195561408996582,0.12444131821393967,0.01974250951100253,,0.1,20.0
405,2.1953084468841553,0.12655816972255707,0.019545316107238572,,0.1,20.0
406,2.1957015991210938,0.12235518544912338,0.019397634695385198,,0.1,20.0
407,2.1955807209014893,0.12186216562986374,0.019658833240806188,,0.1,20.0
408,2.1960043907165527,0.12310495972633362,0.0196876000685177,,0.1,20.0
409,2.1956772804260254,0.12488091737031937,0.019929771740060286,,0.1,20.0
410,2.1958353519439697,0.1198112815618515,0.01953809863605325,,0.1,20.0
411,2.195662021636963,0.12450413405895233,0.020103374490994558,,0.1,20.0
412,2.1957461833953857,0.12014558166265488,0.01996355601997926,,0.1,20.0
413,2.195626974105835,0.1228773295879364,0.019603810559098756,,0.1,20.0
414,2.1955368518829346,0.12034087628126144,0.019742113444563173,,0.1,20.0
415,2.1953697204589844,0.12394331395626068,0.019875405657022296,,0.1,20.0
416,2.196070909500122,0.12117331475019455,0.019843856054363528,,0.1,20.0
417,2.1950995922088623,0.1269407570362091,0.020299130723645687,,0.1,20.0
418,2.1953959465026855,0.1233755499124527,0.02002371409823217,,0.1,20.0
419,2.195680618286133,0.12207738310098648,0.019263059122496665,,0.1,20.0
420,2.195451259613037,0.12101410329341888,0.02076824085973701,,0.1,20.0
421,2.1957499980926514,0.12450331449508667,0.02014449816535275,,0.1,20.0
422,2.195608377456665,0.12385283410549164,0.01934589360812189,,0.1,20.0
423,2.1959426403045654,0.12364479154348373,0.020141511494939087,,0.1,20.0
424,2.1955606937408447,0.1249845027923584,0.020293531690645367,,0.1,20.0
425,2.1953885555267334,0.1217060387134552,0.020418879356460667,,0.1,20.0
426,2.195359468460083,0.125,0.020171553553599782,,0.1,20.0
427,2.1958811283111572,0.12237457931041718,0.020146285968244387,,0.1,20.0
428,2.1955392360687256,0.12202491611242294,0.020613017806499774,,0.1,20.0
429,2.195571184158325,0.12370195984840393,0.020695721184066748,,0.1,20.0
430,2.195415496826172,0.12298337370157242,0.01991515566906939,,0.1,20.0
431,2.1961007118225098,0.11870637536048889,0.02017733090368738,,0.1,20.0
432,2.1954121589660645,0.12237805873155594,0.019686278439792565,,0.1,20.0
433,2.1959683895111084,0.1196061372756958,0.02039764483529254,,0.1,20.0
434,2.1953980922698975,0.12535718083381653,0.019908868368809063,,0.1,20.0
435,2.195582628250122,0.12353916466236115,0.019932212910728025,,0.1,20.0
436,2.195831060409546,0.12268518656492233,0.02059859334252261,,0.1,20.0
437,2.1956095695495605,0.12596242129802704,0.019890250277194873,,0.1,20.0
438,2.19533634185791,0.12330522388219833,0.02050848911131955,,0.1,20.0
439,2.195650339126587,0.1191892921924591,0.021852785376594155,,0.1,20.0
440,2.1952290534973145,0.12630446255207062,0.020766699126038318,,0.1,20.0
441,2.195143461227417,0.1243019625544548,0.02021017249282064,,0.1,20.0
442,2.1950604915618896,0.1259731650352478,0.020264086342969254,,0.1,20.0
443,2.1947317123413086,0.13014915585517883,0.020395944927698376,,0.1,20.0
444,2.1956820487976074,0.1263563334941864,0.020220243766329044,,0.1,20.0
445,2.195322275161743,0.1229436844587326,0.020208872241310145,,0.1,20.0
446,2.195671796798706,0.12291520088911057,0.02073844240749827,,0.1,20.0
447,2.1951277256011963,0.12784631550312042,0.020400302337533163,,0.1,20.0
448,2.195003032684326,0.12538783252239227,0.02099443025805631,,0.1,20.0
449,2.1949760913848877,0.12626178562641144,0.020189545963196377,,0.1,20.0
450,2.195373296737671,0.12283822894096375,0.020561875160208076,0.03893328770944078,0.1,20.0
451,2.195577621459961,0.1183524951338768,0.020570196460052342,,0.1,20.0
452,2.195218086242676,0.12382964789867401,0.020399038166833024,,0.1,20.0
453,2.1948039531707764,0.1251293569803238,0.02048825769302092,,0.1,20.0
454,2.19559907913208,0.12232744693756104,0.02065710757138746,,0.1,20.0
455,2.1950740814208984,0.1283825784921646,0.020402533258810203,,0.1,20.0
456,2.194915294647217,0.1277141273021698,0.02108304613591036,,0.1,20.0
457,2.1953277587890625,0.12617015838623047,0.020565271326428568,,0.1,20.0
458,2.1950669288635254,0.12956219911575317,0.02013258541442412,,0.1,20.0
459,2.1951115131378174,0.12716715037822723,0.021390142096791062,,0.1,20.0
460,2.1952388286590576,0.1262718141078949,0.02080787845385,,0.1,20.0
461,2.195331335067749,0.12540285289287567,0.020620765070128975,,0.1,20.0
462,2.194993734359741,0.12667827308177948,0.02067727887796556,,0.1,20.0
463,2.1956989765167236,0.124808669090271,0.02108714565331114,,0.1,20.0
464,2.194986343383789,0.12487591058015823,0.021263130530472893,,0.1,20.0
465,2.1951491832733154,0.12213267385959625,0.021192606369144804,,0.1,20.0
466,2.194385528564453,0.1312893033027649,0.021758429352880183,,0.1,20.0
467,2.1953113079071045,0.12363455444574356,0.020798734443543968,,0.1,20.0
468,2.1952431201934814,0.12536732852458954,0.02079314406174555,,0.1,20.0
469,2.194746732711792,0.12882420420646667,0.021205635587222178,,0.1,20.0
470,2.1957199573516846,0.1205178052186966,0.021267423653599918,,0.1,20.0
471,2.194589376449585,0.1254556030035019,0.021718610889262493,,0.1,20.0
472,2.1952829360961914,0.12425986677408218,0.021352731585205457,,0.1,20.0
473,2.1951966285705566,0.12654665112495422,0.021155697544971284,,0.1,20.0
474,2.1951816082000732,0.12482909858226776,0.021793332856607252,,0.1,20.0
475,2.1953399181365967,0.12640251219272614,0.021836984118642953,,0.1,20.0
476,2.1950626373291016,0.126630499958992,0.021023111553767404,,0.1,20.0
477,2.194871187210083,0.128508061170578,0.021392541902478822,,0.1,20.0
478,2.19507098197937,0.12821361422538757,0.021800332072880013,,0.1,20.0
479,2.19551682472229,0.12169814854860306,0.02134399471822076,,0.1,20.0
480,2.195045232772827,0.12758035957813263,0.020999972117489468,,0.1,20.0
481,2.19486141204834,0.12374761700630188,0.021514664007893623,,0.1,20.0
482,2.1949033737182617,0.1278400868177414,0.02136503319792215,,0.1,20.0
483,2.19480037689209,0.12707936763763428,0.020690742851892284,,0.1,20.0
484,2.195101022720337,0.12777571380138397,0.021392019376099622,,0.1,20.0
485,2.195188045501709,0.12312398850917816,0.021197811935894106,,0.1,20.0
486,2.195150375366211,0.12456046044826508,0.022011316529392505,,0.1,20.0
487,2.1950178146362305,0.12503108382225037,0.021661395391467202,,0.1,20.0
488,2.1951446533203125,0.12471561878919601,0.02098532538423876,,0.1,20.0
489,2.1950418949127197,0.12522776424884796,0.021618777755042236,,0.1,20.0
490,2.194908857345581,0.12411054223775864,0.020933854912963783,,0.1,20.0
491,2.1949141025543213,0.12487035989761353,0.02141201779086778,,0.1,20.0
492,2.1947433948516846,0.13191859424114227,0.021893131463430672,,0.1,20.0
493,2.195200204849243,0.12337501347064972,0.022240470890545243,,0.1,20.0
494,2.19488263130188,0.12783291935920715,0.02169550793514863,,0.1,20.0
495,2.1951115131378174,0.12756793200969696,0.021602477429806904,,0.1,20.0
496,2.195303201675415,0.1235545203089714,0.021956564730152187,,0.1,20.0
497,2.194730043411255,0.12539847195148468,0.02142710820331507,,0.1,20.0
498,2.194047212600708,0.13283613324165344,0.02163541899432725,,0.1,20.0
499,2.194903612136841,0.12883993983268738,0.02168411344003937,,0.1,20.0
500,2.1948421001434326,0.12751178443431854,0.022094224980427825,0.039941609745058115,0.1,20.0
501,2.1949470043182373,0.12322764843702316,0.021706230029191496,,0.1,20.0
502,2.195300340652466,0.12135520577430725,0.022132607398098126,,0.1,20.0
503,2.1946635246276855,0.12902958691120148,0.022310681483554258,,0.1,20.0
504,2.1949727535247803,0.12572942674160004,0.021999337036201258,,0.1,20.0
505,2.194772720336914,0.12841451168060303,0.022352622307282275,,0.1,20.0
506,2.195235013961792,0.12738537788391113,0.022084925918310308,,0.1,20.0
507,2.194979429244995,0.1252015084028244,0.02195288778115593,,0.1,20.0
508,2.1946663856506348,0.12673431634902954,0.02185632135139654,,0.1,20.0
509,2.1952011585235596,0.12379102408885956,0.022721198773273638,,0.1,20.0
510,2.195204257965088,0.12658332288265228,0.02201730642770792,,0.1,20.0
511,2.195176601409912,0.1264386922121048,0.021988761490935444,,0.1,20.0
512,2.1951100826263428,0.12671048939228058,0.02218867875624691,,0.1,20.0
513,2.195305109024048,0.12453439086675644,0.022401789598326036,,0.1,20.0
514,2.195056676864624,0.12559407949447632,0.021961586788370437,,0.1,20.0
515,2.1950178146362305,0.1268007904291153,0.02208697230669415,,0.1,20.0
516,2.194692611694336,0.12960198521614075,0.022188436693602372,,0.1,20.0
517,2.194563388824463,0.12817327678203583,0.02204658459156945,,0.1,20.0
518,2.1948485374450684,0.12727724015712738,0.022615335733835108,,0.1,20.0
519,2.194585084915161,0.12869153916835785,0.021840587405708937,,0.1,20.0
520,2.1946146488189697,0.1271403729915619,0.022517256934408265,,0.1,20.0
521,2.1944739818573,0.13049963116645813,0.022591395309129424,,0.1,20.0
522,2.1945509910583496,0.1308666467666626,0.022794901481107945,,0.1,20.0
523,2.1948580741882324,0.125268816947937,0.02199305634165657,,0.1,20.0
524,2.195019006729126,0.12506724894046783,0.022292759216013227,,0.1,20.0
525,2.194835662841797,0.12813405692577362,0.022524846842234755,,0.1,20.0
526,2.1948392391204834,0.12462711334228516,0.02201777452694776,,0.1,20.0
527,2.19500994682312,0.1249883845448494,0.024387438154869833,,0.1,20.0
